{
    "main": {
        "player1_railway": [
            484.2195,
            1286.1139000000003
        ],
        "player1_ship": [
            607.2195,
            1286.1139000000003
        ],
        "player1_road": [
            730.2195,
            1286.1139000000003
        ],
        "player1_trap": [
            853.2195,
            1286.1139000000003
        ],
        "player1_war": [
            976.2195,
            1286.1139000000003
        ],
        "player1_skip": [
            1099.2195,
            1286.1139000000003
        ],
        "player1_hide": [
            1222.2195,
            1286.1139000000003
        ],
        "player1_money": [
            1630.3798,
            1245.9203000000002
        ],
        "player2_railway": [
            48.2195,
            589.1139
        ],
        "player2_ship": [
            48.2195,
            721.1138999999998
        ],
        "player2_road": [
            48.2195,
            854.1138999999998
        ],
        "player2_money": [
            48.6757,
            1070.2391
        ],
        "player3_railway": [
            1488.4765,
            80.08370000000002
        ],
        "player3_ship": [
            1611.4765,
            80.08370000000002
        ],
        "player3_road": [
            1734.4765,
            80.08370000000002
        ],
        "player3_money": [
            1222.4727,
            33.87140000000002
        ],
        "player4_railway": [
            2210.9511,
            583.8297
        ],
        "player4_ship": [
            2210.9511,
            715.8296999999999
        ],
        "player4_road": [
            2210.9511,
            848.8296999999999
        ],
        "player4_money": [
            2205.6757,
            1070.2391
        ]
    },
    "ending": {
        "time": [
            350.068,
            1223.1897
        ],
        "turn": [
            2059.068,
            1223.1897
        ],
        "player1_money": [
            437.2921,
            507.55730000000005
        ],
        "player1_trap": [
            437.2921,
            612.1897
        ],
        "player1_trapped": [
            450.068,
            706.1897
        ],
        "player1_war": [
            437.2921,
            795.1897
        ],
        "player1_hide": [
            437.2921,
            881.1897
        ],
        "player1_skip": [
            437.2921,
            959.1897
        ],
        "player2_money": [
            787.2921,
            507.55730000000005
        ],
        "player2_trap": [
            787.2921,
            612.1897
        ],
        "player2_trapped": [
            801.068,
            706.1897
        ],
        "player2_war": [
            787.2921,
            795.1897
        ],
        "player2_hide": [
            787.2921,
            881.1897
        ],
        "player2_skip": [
            787.2921,
            959.1897
        ],
        "player3_money": [
            1137.2921,
            507.55730000000005
        ],
        "player3_trap": [
            1137.2921,
            612.1897
        ],
        "player3_trapped": [
            1152.068,
            706.1897
        ],
        "player3_war": [
            1137.2921,
            795.1897
        ],
        "player3_hide": [
            1137.2921,
            881.1897
        ],
        "player3_skip": [
            1137.2921,
            959.1897
        ],
        "player4_money": [
            1487.2921,
            507.55730000000005
        ],
        "player4_trap": [
            1487.2921,
            612.1897
        ],
        "player4_trapped": [
            1503.068,
            706.1897
        ],
        "player4_war": [
            1487.2921,
            795.1897
        ],
        "player4_hide": [
            1487.2921,
            881.1897
        ],
        "player4_skip": [
            1487.2921,
            959.1897
        ]
    }
}