{
    "main": {
        "player1_railway": [
            358.6811111111111,
            952.6769629629631
        ],
        "player1_ship": [
            449.7922222222222,
            952.6769629629631
        ],
        "player1_road": [
            540.9033333333333,
            952.6769629629631
        ],
        "player1_trap": [
            632.0144444444444,
            952.6769629629631
        ],
        "player1_war": [
            723.1255555555556,
            952.6769629629631
        ],
        "player1_skip": [
            814.2366666666666,
            952.6769629629631
        ],
        "player1_hide": [
            905.3477777777777,
            952.6769629629631
        ],
        "player1_money": [
            1207.6887407407405,
            922.903925925926
        ],
        "player2_railway": [
            35.718148148148146,
            436.3806666666666
        ],
        "player2_ship": [
            35.718148148148146,
            534.1584444444443
        ],
        "player2_road": [
            35.718148148148146,
            632.6769629629628
        ],
        "player2_money": [
            36.05607407407407,
            792.7697037037036
        ],
        "player3_railway": [
            1102.575185185185,
            59.32125925925927
        ],
        "player3_ship": [
            1193.6862962962962,
            59.32125925925927
        ],
        "player3_road": [
            1284.7974074074073,
            59.32125925925927
        ],
        "player3_money": [
            905.5353333333333,
            25.08992592592594
        ],
        "player4_railway": [
            1637.7415555555556,
            432.46644444444445
        ],
        "player4_ship": [
            1637.7415555555556,
            530.2442222222221
        ],
        "player4_road": [
            1637.7415555555556,
            628.7627407407406
        ],
        "player4_money": [
            1633.8338518518517,
            792.7697037037036
        ]
    },
    "ending": {
        "time": [
            259.3096296296296,
            906.0664444444443
        ],
        "turn": [
            1525.2355555555557,
            906.0664444444443
        ],
        "player1_money": [
            323.9200740740741,
            375.9683703703704
        ],
        "player1_trap": [
            323.9200740740741,
            453.47385185185186
        ],
        "player1_trapped": [
            333.38370370370365,
            523.1034814814815
        ],
        "player1_war": [
            323.9200740740741,
            589.0294074074073
        ],
        "player1_hide": [
            323.9200740740741,
            652.733111111111
        ],
        "player1_skip": [
            323.9200740740741,
            710.5108888888889
        ],
        "player2_money": [
            583.1793333333333,
            375.9683703703704
        ],
        "player2_trap": [
            583.1793333333333,
            453.47385185185186
        ],
        "player2_trapped": [
            593.3837037037036,
            523.1034814814815
        ],
        "player2_war": [
            583.1793333333333,
            589.0294074074073
        ],
        "player2_hide": [
            583.1793333333333,
            652.733111111111
        ],
        "player2_skip": [
            583.1793333333333,
            710.5108888888889
        ],
        "player3_money": [
            842.4385925925925,
            375.9683703703704
        ],
        "player3_trap": [
            842.4385925925925,
            453.47385185185186
        ],
        "player3_trapped": [
            853.3837037037036,
            523.1034814814815
        ],
        "player3_war": [
            842.4385925925925,
            589.0294074074073
        ],
        "player3_hide": [
            842.4385925925925,
            652.733111111111
        ],
        "player3_skip": [
            842.4385925925925,
            710.5108888888889
        ],
        "player4_money": [
            1101.6978518518517,
            375.9683703703704
        ],
        "player4_trap": [
            1101.6978518518517,
            453.47385185185186
        ],
        "player4_trapped": [
            1113.3837037037035,
            523.1034814814815
        ],
        "player4_war": [
            1101.6978518518517,
            589.0294074074073
        ],
        "player4_hide": [
            1101.6978518518517,
            652.733111111111
        ],
        "player4_skip": [
            1101.6978518518517,
            710.5108888888889
        ]
    }
}