{   
    "39": [
        1939.64900624739,
        144.955520818602
    ],
    "37": [
        1829.50901014307,
        568.846680005731
    ],
    "43": [
        1943.54557300612,
        1055.8978768910401
    ],
    "35": [
        1756.68029292735,
        754.864188516012
    ],
    "21": [
        1039.71066408161,
        1058.90668402188
    ],
    "16": [
        818.602498761873,
        993.8820028947399
    ],
    "13": [
        546.49926390325,
        977.8564510453899
    ],
    "20": [
        968.546837787067,
        886.797047757055
    ],
    "25": [
        1251.6752155518,
        885.948939594983
    ],
    "26": [
        1326.7091578824,
        1058.9929218418401
    ],
    "30": [
        1444.73774632245,
        884.9213084883149
    ],
    "33": [
        1573.48877367618,
        1059.96863246821
    ],
    "38": [
        1827.54864815853,
        884.993906919127
    ],
    "46": [
        2046.63293369941,
        894.8676439252949
    ],
    "42": [
        1924.6382986755,
        754.8422326107569
    ],
    "41": [
        1974.7469860536,
        568.7862268697729
    ],
    "45": [
        2049.58225160514,
        431.945000378154
    ],
    "34": [
        1668.52180673344,
        448.77285162276803
    ],
    "40": [
        1926.55157450985,
        329.88889770243503
    ],
    "29": [
        1312.72807661442,
        745.788979623197
    ],
    "31": [
        1442.74856593641,
        622.985452004495
    ],
    "23": [
        1166.58530195064,
        465.8463493465251
    ],
    "11": [
        521.560229569654,
        553.7890044240539
    ],
    "12": [
        539.59499032752,
        791.8376529553329
    ],
    "15": [
        701.660959993458,
        497.83304023075704
    ],
    "19": [
        988.69374010987,
        693.908926692632
    ],
    "24": [
        1163.69330417057,
        623.8014290177699
    ],
    "28": [
        1359.71280671084,
        464.975403677893
    ],
    "32": [
        1455.55427766359,
        342.95519246182204
    ],
    "18": [
        929.670637569347,
        430.773157484652
    ],
    "22": [
        1030.65516385353,
        344.90517757977403
    ],
    "1": [
        178.656501585448,
        256.872488117775
    ],
    "8": [
        348.644728115643,
        1056.7631277315102
    ],
    "4": [
        182.522108691052,
        978.6994175809899
    ],
    "7": [
        345.631598881445,
        864.717083156614
    ],
    "3": [
        180.699878226506,
        748.9610078931449
    ],
    "6": [
        336.672067455745,
        642.006088093355
    ],
    "2": [
        179.663676641923,
        559.941014849295
    ],
    "5": [
        338.68180543837,
        428.97307900997004
    ],
    "10": [
        512.578622595936,
        346.94735808510603
    ],
    "9": [
        508.73117315402806,
        141.02711746016502
    ],
    "14": [
        724.751579403183,
        141.96394740629302
    ],
    "17": [
        929.485475330473,
        230.89699837568702
    ],
    "27": [
        1331.51130823908,
        230.01205719422103
    ],
    "36": [
        1794.58928600124,
        145.96739587071102
    ],
    "44": [
        2052.63847228349,
        239.92890412091202
    ]
}