{
    "window": {
        "window_cover": [
            1.1111111111111112,
            0.7407407407407407
        ],
        "window_main": [
            0.37037037037037035,
            0.37037037037037035
        ],
        "window_matching": [
            0.37037037037037035,
            0.37037037037037035
        ],
        "window_shop": [
            0.37037037037037035,
            0.7407407407407407
        ],
        "window_ending": [
            0.37037037037037035,
            0.37037037037037035
        ],
        "window_input": [
            573.7037037037037,
            277.037037037037
        ],
        "window_main_map": [
            0.0,
            0.0
        ],
        "window_blank": [
            0.0,
            0.0
        ]
    },
    "button": {
        "button_Multi_player_static": [
            564.0374074074073,
            350.4428148148148
        ],
        "button_Rules_static": [
            564.0374074074073,
            506.1808888888889
        ],
        "button_About_us_static": [
            564.0374074074073,
            661.918962962963
        ],
        "button_Multi_player_highlight": [
            564.0374074074073,
            350.4428148148148
        ],
        "button_Rules_highlight": [
            563.667037037037,
            505.4401481481481
        ],
        "button_About_us_highlight": [
            563.2966666666666,
            661.5485925925925
        ],
        "button_close_audio_static": [
            1572.4076296296296,
            868.7839259259259
        ],
        "button_close_audio_highlight": [
            1572.4076296296296,
            868.7839259259259
        ],
        "button_open_audio_static": [
            1572.4076296296296,
            868.4135555555556
        ],
        "button_open_audio_highlight": [
            1572.0372592592594,
            868.0431851851852
        ],
        "button_create_a_room_static": [
            228.00214814814817,
            302.16903703703696
        ],
        "button_create_a_room_highlight": [
            227.63177777777778,
            301.79866666666663
        ],
        "button_join_in_a_room_static": [
            902.2888148148147,
            302.16903703703696
        ],
        "button_join_in_a_room_highlight": [
            902.2888148148147,
            302.16903703703696
        ],
        "button_out_static": [
            45.971629629629625,
            42.98918518518518
        ],
        "button_out_highlight": [
            45.230888888888884,
            42.98918518518518
        ],
        "button_enter_your_room_address_static": [
            902.1063703703703,
            66.3034074074074
        ],
        "button_enter_your_room_address_highlight": [
            901.7359999999999,
            66.3034074074074
        ],
        "button_shop_shallow": [
            1449.5168148148148,
            922.0368148148149
        ],
        "button_shop_dark": [
            1449.5168148148148,
            922.0368148148149
        ],
        "button_exit_shallow": [
            10.580814814814811,
            13.522962962962962
        ],
        "button_exit_dark": [
            10.580814814814811,
            13.522962962962962
        ],
        "button_skip_shallow": [
            786.4974074074074,
            899.3220740740741
        ],
        "button_skip_dark": [
            786.4974074074074,
            899.3220740740741
        ],
        "button_trap_shallow": [
            602.7937037037036,
            899.3220740740741
        ],
        "button_trap_dark": [
            602.7937037037036,
            899.3220740740741
        ],
        "button_war_shallow": [
            694.6455555555555,
            899.3220740740741
        ],
        "button_war_dark": [
            694.6455555555555,
            899.3220740740741
        ],
        "button_hide_shallow": [
            878.3518518518518,
            899.3220740740741
        ],
        "button_hide_dark": [
            878.3518518518518,
            899.3220740740741
        ],
        "button_cancel_shallow": [
            689.2592592592592,
            27.037037037037035
        ],
        "button_cancel_dark": [
            689.2592592592592,
            27.037037037037035
        ],
        "button_finish_shallow": [
            1323.3333333333333,
            922.5925925925925
        ],
        "button_finish_dark": [
            1323.3333333333333,
            922.5925925925925
        ],
        "button_ship_shallow": [
            418.14518518518514,
            899.3220740740741
        ],
        "button_ship_dark": [
            418.14518518518514,
            899.3220740740741
        ],
        "button_road_shallow": [
            509.997037037037,
            899.3220740740741
        ],
        "button_road_dark": [
            509.997037037037,
            899.3220740740741
        ],
        "button_railway_shallow": [
            326.2933333333333,
            899.3220740740741
        ],
        "button_railway_dark": [
            326.2933333333333,
            899.3220740740741
        ],
        "button_buy_shallow": {
            "ship_ticket": [
                348.6994814814815,
                328.33866666666665
            ],
            "railway_ticket": [
                348.6994814814815,
                537.2275555555556
            ],
            "road_ticket": [
                348.6994814814815,
                746.1164444444444
            ],
            "unknown_ticket": [
                634.6254074074074,
                375.74607407407404
            ],
            "trap_card": [
                949.4402222222222,
                443.1534814814815
            ],
            "skip_card": [
                949.4402222222222,
                770.5608888888888
            ],
            "hide_card": [
                1124.9957777777777,
                443.1534814814815
            ],
            "war_card": [
                1124.9957777777777,
                770.5608888888888
            ]
        },
        "button_buy_dark": {
            "ship_ticket": [
                348.6994814814815,
                328.33866666666665
            ],
            "railway_ticket": [
                348.6994814814815,
                537.2275555555556
            ],
            "road_ticket": [
                348.6994814814815,
                746.1164444444444
            ],
            "unknown_ticket": [
                634.6254074074074,
                375.74607407407404
            ],
            "trap_card": [
                949.4402222222222,
                443.1534814814815
            ],
            "skip_card": [
                949.4402222222222,
                770.5608888888888
            ],
            "hide_card": [
                1124.9957777777777,
                443.1534814814815
            ],
            "war_card": [
                1124.9957777777777,
                770.5608888888888
            ]
        }
    },
    "words": {
        "words_please_wait_1": [
            975.6094814814813,
            903.460148148148
        ],
        "words_please_wait_2": [
            976.0643703703703,
            903.8305185185185
        ],
        "words_please_wait_3": [
            975.9108888888888,
            903.8305185185185
        ],
        "words_matching_1": [
            172.22666666666663,
            36.00155555555556
        ],
        "words_matching_2": [
            172.22666666666663,
            36.00155555555556
        ],
        "words_matching_3": [
            172.15748148148148,
            36.00155555555556
        ],
        "words_1": [
            311.48148148148147,
            213.7037037037037
        ],
        "words_2": [
            254.44444444444443,
            85.55555555555556
        ],
        "words_3": [
            150.0,
            80.37037037037037
        ]
    },