{
    "39": [
        1436.7770416647331,
        107.37445986563111
    ],
    "37": [
        1355.191859365237,
        421.3679111153562
    ],
    "43": [
        1439.6633874119407,
        782.1465754748446
    ],
    "35": [
        1301.2446614276664,
        559.1586581600088
    ],
    "21": [
        770.1560474678593,
        784.3753214976888
    ],
    "16": [
        606.3722213050911,
        736.2088910331406
    ],
    "13": [
        404.814269557963,
        724.338111885474
    ],
    "20": [
        717.4421020644941,
        656.8867020422629
    ],
    "25": [
        927.1668263346666,
        656.2584737740615
    ],
    "26": [
        982.7475243573332,
        784.439201364326
    ],
    "30": [
        1070.1761083869999,
        655.4972655468999
    ],
    "33": [
        1165.5472397601334,
        785.1619499764518
    ],
    "38": [
        1353.739739376689,
        655.5510421623162
    ],
    "46": [
        1516.0243953328961,
        662.8649214261444
    ],
    "42": [
        1425.6579990188889,
        559.1423945264866
    ],
    "41": [
        1462.775545224889,
        421.3231310146466
    ],
    "45": [
        1518.2090752630666,
        319.9592595393733
    ],
    "34": [
        1235.9420790618074,
        332.4243345353837
    ],
    "40": [
        1427.0752403776667,
        244.36214644624815
    ],
    "29": [
        972.3911678625333,
        552.436281202368
    ],
    "31": [
        1068.7026414343777,
        461.4707051885148
    ],
    "23": [
        864.1372607041778,
        345.07136988631487
    ],
    "11": [
        386.3409107923363,
        410.21407735115105
    ],
    "12": [
        399.69999283519996,
        586.5464095965428
    ],
    "15": [
        519.7488592544133,
        368.76521498574596
    ],
    "19": [
        732.3657334147184,
        514.0066123649126
    ],
    "24": [
        861.995040126348,
        462.07513260575547
    ],
    "28": [
        1007.1946716376591,
        344.42622494658735
    ],
    "32": [
        1078.1883538248815,
        254.04088330505334
    ],
    "18": [
        688.6449167180348,
        319.0912277664089
    ],
    "22": [
        763.4482695211333,
        255.48531672575854
    ],
    "1": [
        132.33814932255407,
        190.27591712427775
    ],
    "8": [
        258.25535415973553,
        782.7875020233408
    ],
    "4": [
        135.20156199337185,
        724.9625315414739
    ],
    "7": [
        256.0234065788481,
        640.5311727086029
    ],
    "3": [
        133.8517616492637,
        554.7859317726999
    ],
    "6": [
        249.38671663388516,
        475.56006525433696
    ],
    "2": [
        133.08420491994295,
        414.77112211058886
    ],
    "5": [
        250.87541143582962,
        317.7578363036815
    ],
    "10": [
        379.68786858958225,
        256.99804302600444
    ],
    "9": [
        376.83790604002075,
        104.46453145197408
    ],
    "14": [
        536.8530217801355,
        105.15847956021705
    ],
    "17": [
        688.5077595040541,
        171.03481361162
    ],
    "27": [
        986.3046727696889,
        170.3793016253489
    ],
    "36": [
        1329.3253970379556,
        108.12399694126741
    ],
    "44": [
        1520.4729424322147,
        177.72511416363852
    ]
}