{
    "39": [
        1436.7770416647331,
        137.18520060637186
    ],
    "37": [
        1355.191859365237,
        451.43791111535626
    ],
    "43": [
        1439.6633874119407,
        812.2165754748445
    ],
    "35": [
        1301.2446614276664,
        589.2286581600089
    ],
    "21": [
        770.1560474678593,
        814.4453214976887
    ],
    "16": [
        606.3722213050911,
        766.2788910331407
    ],
    "13": [
        404.814269557963,
        754.408111885474
    ],
    "20": [
        717.4421020644941,
        686.9567020422629
    ],
    "25": [
        927.1668263346666,
        686.3284737740615
    ],
    "26": [
        982.7475243573332,
        814.5092013643259
    ],
    "30": [
        1070.1761083869999,
        685.5672655469
    ],
    "33": [
        1165.5472397601334,
        815.2319499764517
    ],
    "38": [
        1353.739739376689,
        685.6210421623163
    ],
    "46": [
        1516.0243953328961,
        692.9349214261443
    ],
    "42": [
        1425.6579990188889,
        589.2123945264866
    ],
    "41": [
        1462.775545224889,
        451.3931310146466
    ],
    "45": [
        1518.2090752630666,
        350.0292595393733
    ],
    "34": [
        1235.9420790618074,
        362.4943345353837
    ],
    "40": [
        1427.0752403776667,
        274.43214644624817
    ],
    "29": [
        972.3911678625333,
        582.5062812023681
    ],
    "31": [
        1068.7026414343777,
        491.5407051885148
    ],
    "23": [
        864.1372607041778,
        375.14136988631486
    ],
    "11": [
        386.3409107923363,
        440.28407735115104
    ],
    "12": [
        399.69999283519996,
        616.6164095965429
    ],
    "15": [
        519.7488592544133,
        398.8352149857459
    ],
    "19": [
        732.3657334147184,
        544.0766123649126
    ],
    "24": [
        861.995040126348,
        492.1451326057555
    ],
    "28": [
        1007.1946716376591,
        374.49622494658735
    ],
    "32": [
        1078.1883538248815,
        284.11088330505333
    ],
    "18": [
        688.6449167180348,
        349.16122776640884
    ],
    "22": [
        763.4482695211333,
        285.55531672575853
    ],
    "1": [
        132.33814932255407,
        220.34591712427775
    ],
    "8": [
        258.25535415973553,
        812.8575020233408
    ],
    "4": [
        135.20156199337185,
        755.032531541474
    ],
    "7": [
        256.0234065788481,
        670.6011727086029
    ],
    "3": [
        133.8517616492637,
        584.8533391801074
    ],
    "6": [
        249.38671663388516,
        505.630065254337
    ],
    "2": [
        133.08420491994295,
        444.8411221105889
    ],
    "5": [
        250.87541143582962,
        347.82783630368147
    ],
    "10": [
        379.68786858958225,
        287.06804302600443
    ],
    "9": [
        376.83790604002075,
        134.53453145197406
    ],
    "14": [
        536.8530217801355,
        135.22847956021704
    ],
    "17": [
        688.5077595040541,
        201.10481361162
    ],
    "27": [
        986.3046727696889,
        200.44930162534888
    ],
    "36": [
        1329.3253970379556,
        138.1939969412674
    ],
    "44": [
        1520.4729424322147,
        207.79511416363852
    ]
}