{
    "39":[1939.64900624739, 185.200020818602],
    "37":[1829.50901014307, 609.441180005731],
    "43":[1943.54557300612, 1096.49237689104],
    "35":[1756.68029292735, 795.458688516012],
    "21":[1039.71066408161, 1099.50118402188],
    "16":[818.602498761873, 1034.47650289474],
    "13":[546.49926390325, 1018.45095104539],
    "20":[968.546837787067, 927.391547757055],
    "25":[1251.6752155518, 926.543439594983],
    "26":[1326.7091578824, 1099.58742184184],
    "30":[1444.73774632245, 925.515808488315],
    "33":[1573.48877367618, 1100.56313246821],
    "38":[1827.54864815853, 925.588406919127],
    "46":[2046.63293369941, 935.462143925295],
    "42":[1924.6382986755, 795.436732610757],
    "41":[1974.7469860536, 609.380726869773],
    "45":[2049.58225160514, 472.539500378154],
    "34":[1668.52180673344, 489.367351622768],
    "40":[1926.55157450985, 370.483397702435],
    "29":[1312.72807661442, 786.383479623197],
    "31":[1442.74856593641, 663.579952004495],
    "23":[1166.58530195064, 506.44084934652506],
    "11":[521.560229569654, 594.383504424054],
    "12":[539.59499032752, 832.432152955333],
    "15":[701.660959993458, 538.427540230757],
    "19":[988.69374010987, 734.503426692632],
    "24":[1163.69330417057, 664.39592901777],
    "28":[1359.71280671084, 505.56990367789297],
    "32":[1455.55427766359, 383.549692461822],
    "18":[929.670637569347, 471.367657484652],
    "22":[1030.65516385353, 385.499677579774],
    "1":[178.656501585448, 297.466988117775],
    "8":[348.644728115643, 1097.35762773151],
    "4":[182.522108691052, 1019.29391758099],
    "7":[345.631598881445, 905.311583156614],
    "3":[180.699878226506, 789.552007893145],
    "6":[336.672067455745, 682.600588093355],
    "2":[179.663676641923, 600.535514849295],
    "5":[338.68180543837, 469.56757900997],
    "10":[512.578622595936, 387.541858085106],
    "9":[508.73117315402806, 181.621617460165],
    "14":[724.751579403183, 182.558447406293],
    "17":[929.485475330473, 271.491498375687],
    "27":[1331.51130823908, 270.606557194221],
    "36":[1794.58928600124, 186.561895870711],
    "44":[2052.63847228349, 280.523404120912]
}